{"cameraMode":{"drawMode":0,"name":"Shaded","section":"Shading Mode"},"sceneLighting":false,"audioPlay":false,"sceneViewState":{"m_AlwaysRefresh":false,"showFog":true,"showSkybox":false,"showFlares":true,"showImageEffects":true,"showParticleSystems":true,"showVisualEffectGraphs":true,"m_FxEnabled":true},"in2DMode":false,"pivot":{"x":-0.004478573799133301,"y":1.4859288930892945,"z":-0.22334519028663636},"rotation":{"x":-0.10917282104492188,"y":0.7465583086013794,"z":-0.12782356142997743,"w":-0.6438872814178467},"size":1.565569281578064,"orthographic":false}